{"nodes":{"node:1":{"location":{"x":1208,"y":772}},"node:11":{"location":{"x":1700,"y":440}},"node:2":{"location":{"x":1129,"y":448}},"node:31":{"location":{"x":2344,"y":444}},"node:33":{"location":{"x":2081,"y":368}},"node:34":{"location":{"x":2798,"y":448}},"node:35":{"location":{"x":2032,"y":688}},"node:36":{"location":{"x":2344,"y":148}},"node:38":{"location":{"x":2153,"y":180}},"node:39":{"location":{"x":1353,"y":528}},"node:40":{"location":{"x":1121,"y":560}},"node:44":{"location":{"x":2161,"y":496}},"node:45":{"location":{"x":2001,"y":192}},"node:46":{"location":{"x":2569,"y":672}},"node:47":{"location":{"x":1057,"y":784}}},"selection":null,"view":{"scroll":{"x":1092.728271484375,"y":98.9696197509765625},"visible_rect":{"max":{"x":2808.731201171875,"y":1111.9708251953125},"min":{"x":1092.7294921875,"y":98.9697265625}},"zoom":0.999998927116394043}}